/oak/stanford/groups/horence/kaitlin/bowtie2_annotations/references/base_references/concat_sherlock_fastas/concat_sherlock_fastas
/oak/stanford/groups/horence/kaitlin/bowtie2_annotations/references/base_references/dfam_te_eukaryota/dfam_te_eukaryota
/oak/stanford/groups/horence/kaitlin/bowtie2_annotations/references/base_references/direct_repeats/direct_repeats
/oak/stanford/groups/horence/kaitlin/bowtie2_annotations/references/base_references/eukaryota_its1_itstonedb/eukaryota_its1_itstonedb
/oak/stanford/groups/horence/kaitlin/bowtie2_annotations/references/base_references/eukaryota_its2_biozentrum/eukaryota_its2_biozentrum
/oak/stanford/groups/horence/kaitlin/bowtie2_annotations/references/base_references/grch38_1kgmaj/grch38_1kgmaj
/oak/stanford/groups/horence/kaitlin/bowtie2_annotations/references/base_references/ice_iceberg/ice_iceberg
/oak/stanford/groups/horence/kaitlin/bowtie2_annotations/references/base_references/illumina_adapters/illumina_adapters
/oak/stanford/groups/horence/kaitlin/bowtie2_annotations/references/base_references/mge_aclame_genes_all_0/mge_aclame_genes_all_0
/oak/stanford/groups/horence/kaitlin/bowtie2_annotations/references/base_references/RF_all/RF_all
/oak/stanford/groups/horence/kaitlin/bowtie2_annotations/references/base_references/spacers/spacers
/oak/stanford/groups/horence/kaitlin/bowtie2_annotations/references/base_references/tncentral_te_prokaryotes_final/tncentral_te_prokaryotes_final
/oak/stanford/groups/horence/kaitlin/bowtie2_annotations/references/base_references/UniVec/UniVec
